"DESCRIPTION","DURATION IN MS","NAME","PARENT SUITE","START TIME","STATUS","STOP TIME","SUB SUITE","SUITE","TEST CLASS","TEST METHOD"
"","6","TC002","chromium","2026-10-01","passed","2026-10-01","Sample Test1","smoke\sample.spec.js","",""
"","2085","login to application 5","firefox","2026-09-17","passed","2026-09-17","","smoke\different_user_login.spec.js","",""
"","12629","login to application 3","webkit","2026-09-23","failed","2026-09-23","Data Driven Test for login scenario","smoke\different_user_login.spec.js","",""
"","2063","login to application 3","webkit","2026-09-17","passed","2026-09-17","","smoke\different_user_login.spec.js","",""
"","12658","New test from PW","webkit","2026-09-23","failed","2026-09-23","","smoke\regression\regression.spec.js","",""
"","6","TC002","webkit","2026-09-23","passed","2026-09-23","Sample Test","smoke\sample.spec.js","",""
"","7","TC001","firefox","2026-09-19","passed","2026-09-19","Sample Test002","smoke\sample.spec.js","",""
"","4372","registration","chromium","2026-10-01","passed","2026-10-01","User Registration","smoke\userRegistration.spec.js","",""
"","5","TC001","webkit","2026-09-19","passed","2026-09-19","Sample Test001","smoke\sample.spec.js","",""
"","9","TC001","webkit","2026-09-23","passed","2026-09-23","Sample Test","smoke\sample.spec.js","",""
"","5","TC002","webkit","2026-09-19","passed","2026-09-19","Sample Test001","smoke\sample.spec.js","",""
"","30684","login to application","firefox","2026-09-17","broken","2026-09-17","","smoke\login.spec.js","",""
"","13915","login to application 1","chromium","2026-09-17","failed","2026-09-17","","smoke\different_user_login.spec.js","",""
"","2151","login to application 4","webkit","2026-09-17","passed","2026-09-17","","smoke\different_user_login.spec.js","",""
"","3668","New test from PW","chromium","2026-10-01","passed","2026-10-01","","smoke\regression\regression.spec.js","",""
"","5","TC002","chromium","2026-09-19","passed","2026-09-19","Sample Test002","smoke\sample.spec.js","",""
"","2754","New test added from git","chromium","2026-10-01","passed","2026-10-01","","smoke\regression\regression.spec.js","",""
"","20","TC002","firefox","2026-09-23","passed","2026-09-23","Sample Test","smoke\sample.spec.js","",""
"","32670","login to application","chromium","2026-09-17","broken","2026-09-17","","smoke\login.spec.js","",""
"","6","TC001","chromium","2026-09-19","passed","2026-09-19","Sample Test002","smoke\sample.spec.js","",""
"","11846","New test added from git","webkit","2026-09-23","failed","2026-09-23","","smoke\regression\regression.spec.js","",""
"","23588","New test from PW","firefox","2026-09-23","failed","2026-09-23","","smoke\regression\regression.spec.js","",""
"","2786","login to application 2","webkit","2026-09-17","passed","2026-09-17","","smoke\different_user_login.spec.js","",""
"","8411","login to application 5","webkit","2026-09-23","failed","2026-09-23","Data Driven Test for login scenario","smoke\different_user_login.spec.js","",""
"","4","TC002","webkit","2026-09-23","passed","2026-09-23","Sample Test1","smoke\sample.spec.js","",""
"","15495","login to application 1","firefox","2026-09-17","failed","2026-09-17","","smoke\different_user_login.spec.js","",""
"","5","TC001","chromium","2026-09-19","passed","2026-09-19","Sample Test001","smoke\sample.spec.js","",""
"","11877","login to application 4","chromium","2026-10-01","passed","2026-10-01","Data Driven Test for login scenario","smoke\different_user_login.spec.js","",""
"","5","TC002","firefox","2026-09-19","passed","2026-09-19","Sample Test002","smoke\sample.spec.js","",""
"","14931","New test added from git","firefox","2026-09-23","failed","2026-09-23","","smoke\regression\regression.spec.js","",""
"","1334","login to application 5","chromium","2026-09-17","passed","2026-09-17","","smoke\different_user_login.spec.js","",""
"","26634","login to application","firefox","2026-09-23","passed","2026-09-23","Login Test","smoke\login.spec.js","",""
"","4","TC002","webkit","2026-09-19","passed","2026-09-19","Sample Test002","smoke\sample.spec.js","",""
"","13425","login to application 3","chromium","2026-09-17","passed","2026-09-17","","smoke\different_user_login.spec.js","",""
"","4","TC002","chromium","2026-10-01","passed","2026-10-01","Sample Test","smoke\sample.spec.js","",""
"","18","TC001","firefox","2026-09-23","passed","2026-09-23","Sample Test1","smoke\sample.spec.js","",""
"","5","TC001","webkit","2026-09-23","passed","2026-09-23","Sample Test1","smoke\sample.spec.js","",""
"","12296","login to application 2","webkit","2026-09-23","failed","2026-09-23","Data Driven Test for login scenario","smoke\different_user_login.spec.js","",""
"","13887","login to application 1","chromium","2026-10-01","passed","2026-10-01","Data Driven Test for login scenario","smoke\different_user_login.spec.js","",""
"","41","TC001","chromium","2026-10-01","passed","2026-10-01","Sample Test","smoke\sample.spec.js","",""
"","5","TC002","firefox","2026-09-19","passed","2026-09-19","Sample Test001","smoke\sample.spec.js","",""
"","36435","login to application 4","firefox","2026-09-23","failed","2026-09-23","Data Driven Test for login scenario","smoke\different_user_login.spec.js","",""
"","3","TC001","webkit","2026-09-19","passed","2026-09-19","Sample Test002","smoke\sample.spec.js","",""
"","5856","login to application","chromium","2026-10-01","passed","2026-10-01","Login Test","smoke\login.spec.js","",""
"","13479","login to application 3","chromium","2026-10-01","passed","2026-10-01","Data Driven Test for login scenario","smoke\different_user_login.spec.js","",""
"","2326","login to application 5","webkit","2026-09-17","passed","2026-09-17","","smoke\different_user_login.spec.js","",""
"","3486","login to application 1","webkit","2026-09-17","failed","2026-09-17","","smoke\different_user_login.spec.js","",""
"","32051","login to application","webkit","2026-09-17","broken","2026-09-17","","smoke\login.spec.js","",""
"","36193","login to application 2","firefox","2026-09-23","failed","2026-09-23","Data Driven Test for login scenario","smoke\different_user_login.spec.js","",""
"","32638","login to application 3","firefox","2026-09-23","failed","2026-09-23","Data Driven Test for login scenario","smoke\different_user_login.spec.js","",""
"","23356","login to application 1","firefox","2026-09-23","failed","2026-09-23","Data Driven Test for login scenario","smoke\different_user_login.spec.js","",""
"","9","TC001","firefox","2026-09-23","passed","2026-09-23","Sample Test","smoke\sample.spec.js","",""
"","2886","login to application 5","chromium","2026-10-01","passed","2026-10-01","Data Driven Test for login scenario","smoke\different_user_login.spec.js","",""
"","5","TC001","firefox","2026-09-19","passed","2026-09-19","Sample Test001","smoke\sample.spec.js","",""
"","8","TC002","firefox","2026-09-23","passed","2026-09-23","Sample Test1","smoke\sample.spec.js","",""
"","14220","login to application 2","firefox","2026-09-17","passed","2026-09-17","","smoke\different_user_login.spec.js","",""
"","11055","login to application 2","chromium","2026-10-01","passed","2026-10-01","Data Driven Test for login scenario","smoke\different_user_login.spec.js","",""
"","3","TC003","chromium","2026-10-01","passed","2026-10-01","Sample Test1","smoke\sample.spec.js","",""
"","13332","login to application 1","webkit","2026-09-23","failed","2026-09-23","Data Driven Test for login scenario","smoke\different_user_login.spec.js","",""
"","11177","login to application","webkit","2026-09-23","failed","2026-09-23","Login Test","smoke\login.spec.js","",""
"","13440","login to application 2","chromium","2026-09-17","passed","2026-09-17","","smoke\different_user_login.spec.js","",""
"","13442","login to application 4","chromium","2026-09-17","passed","2026-09-17","","smoke\different_user_login.spec.js","",""
"","6","TC002","chromium","2026-09-19","passed","2026-09-19","Sample Test001","smoke\sample.spec.js","",""
"","12458","login to application 4","webkit","2026-09-23","failed","2026-09-23","Data Driven Test for login scenario","smoke\different_user_login.spec.js","",""
"","9","TC001","chromium","2026-10-01","passed","2026-10-01","Sample Test1","smoke\sample.spec.js","",""
"","1947","login to application 4","firefox","2026-09-17","passed","2026-09-17","","smoke\different_user_login.spec.js","",""
"","13189","login to application 3","firefox","2026-09-17","passed","2026-09-17","","smoke\different_user_login.spec.js","",""
"","35792","login to application 5","firefox","2026-09-23","failed","2026-09-23","Data Driven Test for login scenario","smoke\different_user_login.spec.js","",""
